Content,moviename
"The way of water has no beginning and no end, just as our spirit flows through Eywa, binding us to the past, the present, and the world beyond.",Avatar: The Way of Water
"This is the way—a lone Mandalorian walks the path of honor, bound by creed, hunted by empires, and guided by a mission far greater than himself.",The Mandalorian
"Now I am become Death, the destroyer of worlds—words that once belonged to the Bhagavad Gita, now whispered in the aftermath of a man-made inferno.",Oppenheimer (2023)
"The galaxy’s best-kept secret isn’t just aliens walking among us—it’s the men in black suits, armed with memory-erasing light and a duty to protect the universe from itself.",Men in Black
"In a world shattered by broken spells and fractured realities, three Spider-Men swing through the night—not just to fight, but to heal the scars of their past.",Spider-Man: No Way Home
"On the endless blue expanse of Pandora’s oceans, the Sully family learns that to survive, they must embrace the water, breathe with it, and let it carry them home.",Avatar (2022)
"In a city where Pokémon and humans coexist, a caffeine-addicted, wise-cracking Pikachu is the only one who can unravel a mystery bigger than any Poké Ball could hold.",Pokémon Detective Pikachu
"They took his car, his dog, and his peace—but they forgot the one rule of the underworld: you don’t mess with John Wick and live to tell the tale.",John Wick
"Gotham’s hero isn’t the one it deserves, but the one it needs—a silent guardian, a watchful protector, a Dark Knight who understands that sometimes, you must become the villain to fight one.",The Dark Knight
"It’s not just about the cars, the heists, or the impossible stunts—it’s about family, and how even when roads diverge, real bonds never break.",Fast and Furious 7
