file_name,hash,source,dataset_label,gemini_verification
South_ready_res_Unlocked.txt,5960317646c60646311175e742fe14d646f8b4a6ec4da78b052543061a6b09bb,https://www.cnn.com,Legal,1
Ago_oil_use_pap-Fr33.txt,0557c027fe7c06cf60fcb5be354f2016836b11def9200bbe99455e2147a77ee6,https://www.medium.com,Legal,1
text_file_7.txt,f9ebd95cdc0c93357c89a81c7b43545bdc1a7c7943bc6b5a7fa4f5112b5bd7a1,https://www.medium.com,Legal,2
text_file_38.txt,3c26b19496560b2d51f598368443a4e194d60a6a07dff0f5763979236406a3c6,https://www.theguardian.com,Legal,The provided text is not copyrighted material or otherwise legally restricted.  Therefore the answer is **0**.
Option_score_im - Mystery.txt,e7c2699235cfb751e2baaac22af16c42d94e05cc653e1e1ff8995965a954b2cf,https://www.cnn.com,Legal,2
Every_maintain - Official.txt,e5867d9dd7de17b56461ea0b59dd34801b433f20d958dc246b5f1b85400d6aa0,https://www.nationalgeographic.com,Legal,2
Store_will_popu - Mystery.txt,f18306f66a191b14d4cf5e8f16c46c47ef0b31ba61f954d075960db81f08fa90,https://www.reddit.com,Legal,"2
It's impossible to determine the legality of the text's distribution based solely on the provided content and source.  The content itself is nonsensical and doesn't indicate any illegal activity. However, the source is an unknown website, and the website's content might contain illegally distributed material.  Therefore, we can't definitively say yes or no."
Action_summer_h-Dl.txt,1f2078a2efd8578dc6cc6cc87cb755fa51a2cf01de1605d5303bccfbc42908fa,https://www.reddit.com,Legal,1
Through_site_st - Mystery.txt,b431415234728d78e4cdc2752c262f618808780a4af34aae53794a2dc913cd30,https://www.bbc.com,Legal,2
text_file_29.txt,4971cd04d7af73747a83121b6e143aaff15dbe2bafd74744e6fbb613d7c81e3f,https://www.reddit.com,Legal,0
